Workbook

Sheet MPFAC-HIF-ES Peaks
A1: m/z | B1: CCS
A2: 171.9994 | B2: 110.2
A3: 222.9996 | B3: 116.9
A4: 272.9964 | B4: 124.6
A5: 321.9899 | B5: 132.7
A6: 376.0001 | B6: 139.8
A7: 427.0002 | B7: 165.6
A8: 471.9934 | B8: 147.4
A9: 473.987 | B9: 174.5
A10: 518.9802 | B10: 155.9
A11: 524.9871 | B11: 164.4
A12: 569.9803 | B12: 183.6
A13: 569.9672 | B13: 192.4
... A30: 528.9682 | B30: 187

Sheet MPFAC-HIF-ES Error Peaks
A1: ='MPFAC-HIF-ES Peaks'!A1 -> m/z | B1: ='MPFAC-HIF-ES Peaks'!B1 -> CCS
A2: =-1.003355+'MPFAC-HIF-ES Peaks'!A2 -> 170.99605 | B2: ='MPFAC-HIF-ES Peaks'!B2 -> 110.2
A3: =-1.003355+'MPFAC-HIF-ES Peaks'!A3 -> 221.99624 | B3: ='MPFAC-HIF-ES Peaks'!B3 -> 116.9
A4: =-1.003355+'MPFAC-HIF-ES Peaks'!A4 -> 271.99304 | B4: ='MPFAC-HIF-ES Peaks'!B4 -> 124.6
A5: =-1.003355+'MPFAC-HIF-ES Peaks'!A5 -> 320.98654 | B5: ='MPFAC-HIF-ES Peaks'!B5 -> 132.7
A6: =-1.003355+'MPFAC-HIF-ES Peaks'!A6 -> 374.99674 | B6: ='MPFAC-HIF-ES Peaks'!B6 -> 139.8
A7: =-1.003355+'MPFAC-HIF-ES Peaks'!A7 -> 425.99685 | B7: ='MPFAC-HIF-ES Peaks'!B7 -> 165.6
A8: =-1.003355+'MPFAC-HIF-ES Peaks'!A8 -> 470.99005 | B8: ='MPFAC-HIF-ES Peaks'!B8 -> 147.4
A9: =-1.003355+'MPFAC-HIF-ES Peaks'!A9 -> 472.98365 | B9: ='MPFAC-HIF-ES Peaks'!B9 -> 174.5
A10: =-1.003355+'MPFAC-HIF-ES Peaks'!A10 -> 517.97684 | B10: ='MPFAC-HIF-ES Peaks'!B10 -> 155.9
A11: =-1.003355+'MPFAC-HIF-ES Peaks'!A11 -> 523.98374 | B11: ='MPFAC-HIF-ES Peaks'!B11 -> 164.4
A12: =-1.003355+'MPFAC-HIF-ES Peaks'!A12 -> 568.97695 | B12: ='MPFAC-HIF-ES Peaks'!B12 -> 183.6
A13: =-1.003355+'MPFAC-HIF-ES Peaks'!A13 -> 568.96384 | B13: ='MPFAC-HIF-ES Peaks'!B13 -> 192.4
... A30: =-1.003355+'MPFAC-HIF-ES Peaks'!A30 -> 527.96484 | B30: ='MPFAC-HIF-ES Peaks'!B30 -> 187
